Player,Salary,Year
,"$37,457,154",2018
,"$35,665,000",2018
,"$35,654,150",2018
,"$35,654,150",2018
,"$32,700,000",2018
,"$31,873,932",2018
,"$31,214,295",2018
,"$30,570,000",2018
,"$30,560,700",2018
,"$30,521,115",2018
,"$30,000,000",2018
,"$29,230,769",2018
,"$28,928,710",2018
,"$27,977,689",2018
,"$27,739,975",2018
,"$26,837,720",2018
,"$26,641,111",2018
,"$26,011,913",2018
,"$25,759,766",2018
,"$25,467,250",2018
,"$25,467,250",2018
,"$25,467,250",2018
,"$25,434,263",2018
,"$25,434,262",2018
,"$25,434,262",2018
,"$24,434,262",2018
,"$24,256,725",2018
,"$24,157,304",2018
,"$24,157,304",2018
,"$24,119,025",2018
,"$24,119,025",2018
,"$24,107,258",2018
,"$24,107,258",2018
,"$24,000,000",2018
,"$23,491,573",2018
,"$23,114,066",2018
,"$22,897,200",2018
,"$22,347,015",2018
,"$21,666,667",2018
,"$21,590,909",2018
,"$21,587,579",2018
,"$21,000,000",2018
,"$20,421,546",2018
,"$20,261,172",2018
,"$20,099,189",2018
,"$20,000,000",2018
,"$19,841,627",2018
,"$19,500,000",2018
,"$19,360,228",2018
,"$19,332,500",2018
,"$19,264,603",2018
,"$19,245,370",2018
,"$19,169,800",2018
,"$19,000,000",2018
,"$19,000,000",2018
,"$18,988,725",2018
,"$18,109,175",2018
,"$18,089,888",2018
,"$17,868,853",2018
,"$17,469,565",2018
,"$17,469,565",2018
,"$17,325,000",2018
,"$17,133,285",2018
,"$17,043,478",2018
,"$17,000,000",2018
,"$17,000,000",2018
,"$16,900,000",2018
,"$16,747,954",2018
,"$16,539,326",2018
,"$16,517,857",2018
,"$16,000,000",2018
,"$16,000,000",2018
,"$16,000,000",2018
,"$15,793,104",2018
,"$15,500,000",2018
,"$15,400,000",2018
,"$15,170,787",2018
,"$15,000,000",2018
,"$15,000,000",2018
,"$14,800,000",2018
,"$14,800,000",2018
,"$14,720,000",2018
,"$14,631,250",2018
,"$14,420,700",2018
,"$14,357,750",2018
,"$14,242,782",2018
,"$14,087,500",2018
,"$14,000,000",2018
,"$13,764,045",2018
,"$13,585,000",2018
,"$13,565,218",2018
,"$13,537,527",2018
,"$13,528,090",2018
,"$13,500,375",2018
,"$13,155,324",2018
,"$13,000,000",2018
,"$13,000,000",2018
,"$12,917,808",2018
,"$12,800,562",2018
,"$12,763,467",2018
,"$12,750,000",2018
,"$12,705,000",2018
,"$12,545,455",2018
,"$12,516,746",2018
,"$12,500,000",2018
,"$12,500,000",2018
,"$12,400,000",2018
,"$12,400,000",2018
,"$12,253,780",2018
,"$12,250,000",2018
,"$12,000,000",2018
,"$12,000,000",2018
,"$12,000,000",2018
,"$11,830,358",2018
,"$11,750,000",2018
,"$11,692,308",2018
,"$11,571,429",2018
,"$11,536,515",2018
,"$11,286,516",2018
,"$11,160,716",2018
,"$11,111,111",2018
,"$11,011,234",2018
,"$10,837,079",2018
,"$10,607,143",2018
,"$10,600,000",2018
,"$10,595,506",2018
,"$10,577,466",2018
,"$10,500,000",2018
,"$10,500,000",2018
,"$10,500,000",2018
,"$10,464,092",2018
,"$10,087,200",2018
,"$10,002,681",2018
,"$10,000,000",2018
,"$10,000,000",2018
,"$10,000,000",2018
,"$9,631,250",2018
,"$9,607,500",2018
,"$9,530,000",2018
,"$9,490,740",2018
,"$9,367,200",2018
,"$9,367,200",2018
,"$9,173,294",2018
,"$9,000,000",2018
,"$9,000,000",2018
,"$8,808,685",2018
,"$8,739,500",2018
,"$8,653,847",2018
,"$8,653,076",2018
,"$8,641,000",2018
,"$8,641,000",2018
,"$8,575,916",2018
,"$8,470,980",2018
,"$8,339,880",2018
,"$8,333,333",2018
,"$8,333,333",2018
,"$8,333,333",2018
,"$8,307,692",2018
,"$8,175,840",2018
,"$8,066,667",2018
,"$8,000,000",2018
,"$8,000,000",2018
,"$7,959,537",2018
,"$7,945,000",2018
,"$7,839,435",2018
,"$7,560,000",2018
,"$7,464,912",2018
,"$7,461,960",2018
,"$7,333,334",2018
,"$7,314,960",2018
,"$7,305,825",2018
,"$7,250,000",2018
,"$7,119,650",2018
,"$7,019,698",2018
,"$7,000,000",2018
,"$7,000,000",2018
,"$7,000,000",2018
,"$7,000,000",2018
,"$6,957,105",2018
,"$6,700,800",2018
,"$6,569,040",2018
,"$6,500,000",2018
,"$6,500,000",2018
,"$6,434,520",2018
,"$6,300,000",2018
,"$6,300,000",2018
,"$6,153,846",2018
,"$6,134,000",2018
,"$6,041,520",2018
,"$6,000,000",2018
,"$6,000,000",2018
,"$6,000,000",2018
,"$5,922,720",2018
,"$5,757,120",2018
,"$5,750,000",2018
,"$5,697,054",2018
,"$5,474,787",2018
,"$5,470,920",2018
,"$5,460,000",2018
,"$5,451,600",2018
,"$5,450,000",2018
,"$5,375,000",2018
,"$5,363,280",2018
,"$5,337,000",2018
,"$5,331,729",2018
,"$5,285,394",2018
,"$5,250,000",2018
,"$5,193,600",2018
,"$5,169,960",2018
,"$5,027,028",2018
,"$5,000,000",2018
,"$5,000,000",2018
,"$5,000,000",2018
,"$4,969,080",2018
,"$4,871,280",2018
,"$4,698,113",2018
,"$4,697,823",2018
,"$4,696,874",2018
,"$4,661,280",2018
,"$4,536,120",2018
,"$4,500,000",2018
,"$4,449,000",2018
,"$4,449,000",2018
,"$4,449,000",2018
,"$4,446,840",2018
,"$4,350,000",2018
,"$4,320,500",2018
,"$4,320,500",2018
,"$4,294,479",2018
,"$4,221,000",2018
,"$4,155,720",2018
,"$4,075,000",2018
,"$4,073,760",2018
,"$4,000,000",2018
,"$3,940,401",2018
,"$3,833,760",2018
,"$3,819,960",2018
,"$3,774,176",2018
,"$3,744,840",2018
,"$3,710,850",2018
,"$3,667,645",2018
,"$3,651,480",2018
,"$3,628,920",2018
,"$3,627,842",2018
,"$3,557,400",2018
,"$3,500,000",2018
,"$3,499,800",2018
,"$3,472,887",2018
,"$3,448,926",2018
,"$3,447,480",2018
,"$3,440,356",2018
,"$3,382,000",2018
,"$3,382,000",2018
,"$3,375,360",2018
,"$3,364,249",2018
,"$3,360,000",2018
,"$3,314,365",2018
,"$3,294,994",2018
,"$3,275,280",2018
,"$3,258,539",2018
,"$3,208,630",2018
,"$3,206,640",2018
,"$3,206,160",2018
,"$3,129,187",2018
,"$3,125,000",2018
,"$3,111,480",2018
,"$3,050,389",2018
,"$3,050,160",2018
,"$3,000,000",2018
,"$3,000,000",2018
,"$2,955,840",2018
,"$2,947,320",2018
,"$2,894,160",2018
,"$2,844,429",2018
,"$2,807,880",2018
,"$2,799,720",2018
,"$2,795,000",2018
,"$2,775,000",2018
,"$2,760,094",2018
,"$2,752,680",2018
,"$2,667,600",2018
,"$2,667,600",2018
,"$2,659,800",2018
,"$2,639,313",2018
,"$2,615,160",2018
,"$2,559,925",2018
,"$2,536,898",2018
,"$2,534,280",2018
,"$2,526,840",2018
,"$2,526,840",2018
,"$2,516,047",2018
,"$2,512,601",2018
,"$2,500,000",2018
,"$2,500,000",2018
,"$2,494,346",2018
,"$2,487,000",2018
,"$2,484,360",2018
,"$2,470,356",2018
,"$2,444,052",2018
,"$2,416,221",2018
,"$2,410,167",2018
,"$2,407,560",2018
,"$2,400,480",2018
,"$2,393,887",2018
,"$2,393,887",2018
,"$2,393,887",2018
,"$2,393,887",2018
,"$2,393,887",2018
,"$2,393,887",2018
,"$2,393,887",2018
,"$2,393,887",2018
,"$2,393,887",2018
,"$2,393,887",2018
,"$2,393,887",2018
,"$2,393,887",2018
,"$2,360,160",2018
,"$2,299,080",2018
,"$2,280,600",2018
,"$2,272,390",2018
,"$2,250,960",2018
,"$2,245,400",2018
,"$2,207,040",2018
,"$2,205,000",2018
,"$2,199,311",2018
,"$2,176,260",2018
,"$2,176,260",2018
,"$2,166,360",2018
,"$2,165,481",2018
,"$2,165,481",2018
,"$2,163,600",2018
,"$2,161,886",2018
,"$2,118,840",2018
,"$2,100,000",2018
,"$2,098,196",2018
,"$2,076,960",2018
,"$2,034,120",2018
,"$2,029,463",2018
,"$2,007,058",2018
,"$2,000,000",2018
,"$2,000,000",2018
,"$1,991,520",2018
,"$1,952,760",2018
,"$1,952,760",2018
,"$1,942,422",2018
,"$1,914,480",2018
,"$1,880,268",2018
,"$1,874,640",2018
,"$1,837,800",2018
,"$1,832,107",2018
,"$1,795,015",2018
,"$1,773,840",2018
,"$1,764,240",2018
,"$1,757,429",2018
,"$1,757,429",2018
,"$1,741,503",2018
,"$1,740,000",2018
,"$1,740,000",2018
,"$1,705,920",2018
,"$1,702,800",2018
,"$1,690,000",2018
,"$1,690,000",2018
,"$1,689,840",2018
,"$1,679,520",2018
,"$1,667,160",2018
,"$1,665,333",2018
,"$1,656,600",2018
,"$1,656,092",2018
,"$1,656,092",2018
,"$1,655,160",2018
,"$1,646,400",2018
,"$1,641,000",2018
,"$1,634,640",2018
,"$1,634,400",2018
,"$1,622,520",2018
,"$1,621,415",2018
,"$1,621,415",2018
,"$1,619,260",2018
,"$1,600,520",2018
,"$1,600,520",2018
,"$1,569,360",2018
,"$1,567,007",2018
,"$1,567,007",2018
,"$1,544,951",2018
,"$1,544,951",2018
,"$1,544,951",2018
,"$1,544,951",2018
,"$1,544,951",2018
,"$1,544,951",2018
,"$1,544,951",2018
,"$1,544,951",2018
,"$1,544,951",2018
,"$1,544,951",2018
,"$1,544,951",2018
,"$1,544,951",2018
,"$1,544,951",2018
,"$1,512,601",2018
,"$1,512,601",2018
,"$1,512,601",2018
,"$1,512,601",2018
,"$1,512,601",2018
,"$1,512,601",2018
,"$1,496,500",2018
,"$1,487,694",2018
,"$1,485,440",2018
,"$1,468,082",2018
,"$1,455,492",2018
,"$1,378,242",2018
,"$1,378,242",2018
,"$1,378,242",2018
,"$1,378,242",2018
,"$1,378,242",2018
,"$1,378,242",2018
,"$1,378,242",2018
,"$1,378,242",2018
,"$1,378,242",2018
,"$1,378,242",2018
,"$1,378,242",2018
,"$1,378,242",2018
,"$1,378,242",2018
,"$1,378,242",2018
,"$1,378,242",2018
,"$1,378,242",2018
,"$1,378,242",2018
,"$1,378,242",2018
,"$1,378,242",2018
,"$1,378,242",2018
,"$1,349,383",2018
,"$1,349,383",2018
,"$1,349,383",2018
,"$1,349,383",2018
,"$1,349,383",2018
,"$1,349,383",2018
,"$1,349,383",2018
,"$1,349,383",2018
,"$1,325,531",2018
,"$1,238,464",2018
,"$1,230,000",2018
,"$1,050,000",2018
,"$1,023,210",2018
,"$1,000,000",2018
,"$1,000,000",2018
,"$988,464",2018
,"$975,824",2018
,"$964,104",2018
,"$949,000",2018
,"$893,333",2018
,"$838,464",2018
,"$838,464",2018
,"$838,464",2018
,"$838,464",2018
,"$838,464",2018
,"$838,464",2018
,"$838,464",2018
,"$838,464",2018
,"$838,464",2018
,"$838,464",2018
,"$838,464",2018
,"$838,464",2018
,"$838,464",2018
,"$838,464",2018
,"$800,000",2018
,"$752,250",2018
,"$744,671",2018
,"$726,390",2018
,"$705,361",2018
,"$674,122",2018
,"$663,255",2018
,"$648,008",2018
,"$585,809",2018
,"$500,000",2018
,"$486,892",2018
,"$459,414",2018
,"$457,418",2018
,"$457,418",2018
,"$449,794",2018
,"$385,000",2018
,"$354,500",2018
,"$309,859",2018
,"$284,020",2018
,"$247,827",2018
,"$247,827",2018
,"$236,854",2018
,"$222,099",2018
,"$213,948",2018
,"$213,948",2018
,"$198,579",2018
,"$198,579",2018
,"$194,220",2018
,"$176,250",2018
,"$170,107",2018
,"$142,111",2018
,"$137,374",2018
,"$127,250",2018
,"$108,953",2018
,"$99,289",2018
,"$94,740",2018
,"$92,159",2018
,"$85,457",2018
,"$85,457",2018
,"$77,250",2018
,"$77,250",2018
,"$77,250",2018
,"$77,250",2018
,"$77,250",2018
,"$77,250",2018
,"$77,250",2018
,"$77,250",2018
,"$77,250",2018
,"$77,250",2018
,"$77,250",2018
,"$77,250",2018
,"$77,250",2018
,"$77,250",2018
,"$77,250",2018
,"$77,250",2018
,"$77,250",2018
,"$77,250",2018
,"$77,250",2018
,"$77,250",2018
,"$77,250",2018
,"$77,250",2018
,"$77,250",2018
,"$77,250",2018
,"$77,250",2018
,"$77,250",2018
,"$77,250",2018
,"$77,250",2018
,"$77,250",2018
,"$77,250",2018
,"$77,250",2018
,"$77,250",2018
,"$77,250",2018
,"$77,250",2018
,"$77,250",2018
,"$77,250",2018
,"$77,250",2018
,"$77,250",2018
,"$77,250",2018
,"$77,250",2018
,"$77,250",2018
,"$77,250",2018
,"$77,250",2018
,"$77,250",2018
,"$77,250",2018
,"$77,250",2018
,"$77,250",2018
,"$77,250",2018
,"$77,250",2018
,"$77,250",2018
,"$77,250",2018
,"$77,250",2018
,"$77,250",2018
,"$77,250",2018
,"$77,250",2018
,"$76,236",2018
,"$76,236",2018
,"$76,236",2018
,"$76,236",2018
,"$76,236",2018
,"$76,236",2018
,"$75,000",2018
,"$67,370",2018
,"$56,845",2018
,"$56,845",2018
,"$52,170",2018
,"$47,370",2018
,"$47,370",2018
,"$47,370",2018
,"$47,370",2018
,"$47,370",2018
,"$47,370",2018
,"$47,370",2018
,"$47,370",2018
,"$47,370",2018
,"$47,370",2018
,"$47,370",2018
PLAYER,,2018
Stephen Curry,,2018
Russell Westbrook,,2018
LeBron James,,2018
Chris Paul,,2018
Kyle Lowry,,2018
Blake Griffin,,2018
Gordon Hayward,,2018
James Harden,,2018
Paul George,,2018
Mike Conley,,2018
Kevin Durant,,2018
Paul Millsap,,2018
Al Horford,,2018
Damian Lillard,,2018
DeMar DeRozan,,2018
Chris Bosh,,2018
Jrue Holiday,,2018
Otto Porter,,2018
CJ McCollum,,2018
Joel Embiid,,2018
Andrew Wiggins,,2018
Nikola Jokic,,2018
Anthony Davis,,2018
Bradley Beal,,2018
Andre Drummond,,2018
Hassan Whiteside,,2018
Dwight Howard,,2018
Steven Adams,,2018
Giannis Antetokounmpo,,2018
Marc Gasol,,2018
Kevin Love,,2018
Harrison Barnes,,2018
Chandler Parsons,,2018
Nicolas Batum,,2018
Rudy Gobert,,2018
Kawhi Leonard,,2018
DeAndre Jordan,,2018
LaMarcus Aldridge,,2018
Serge Ibaka,,2018
Aaron Gordon,,2018
Danilo Gallinari,,2018
Victor Oladipo,,2018
Ryan Anderson,,2018
Joakim Noah,,2018
Kyrie Irving,,2018
Jabari Parker,,2018
Jimmy Butler,,2018
Zach LaVine,,2018
Wesley Matthews,,2018
Allen Crabbe,,2018
Enes Kanter,,2018
Tyler Johnson,,2018
John Wall,,2018
Jeff Teague,,2018
George Hill,,2018
Klay Thompson,,2018
Goran Dragic,,2018
Kent Bazemore,,2018
Evan Turner,,2018
Draymond Green,,2018
Tristan Thompson,,2018
Tim Hardaway Jr,,2018
Pau Gasol,,2018
Reggie Jackson,,2018
Evan Fournier,,2018
Bismack Biyombo,,2018
Derrick Favors,,2018
Luol Deng,,2018
Jonas Valanciunas,,2018
Gary Harris,,2018
Ian Mahinmi,,2018
Timofey Mozgov,,2018
Andre Iguodala,,2018
Clint Capela,,2018
Dennis Schroeder,,2018
DeMarre Carroll,,2018
Gorgui Dieng,,2018
Trevor Ariza,,2018
Eric Bledsoe,,2018
Ricky Rubio,,2018
Tobias Harris,,2018
JR Smith,,2018
Brandon Knight,,2018
James Johnson,,2018
Robin Lopez,,2018
Kenneth Faried,,2018
Marvin Williams,,2018
Taj Gibson,,2018
Thaddeus Young,,2018
Tyson Chandler,,2018
Marcin Gortat,,2018
Kelly Olynyk,,2018
Cody Zeller,,2018
Eric Gordon,,2018
Austin Rivers,,2018
Khris Middleton,,2018
Michael Kidd-Gilchrist,,2018
Mason Plumlee,,2018
Wilson Chandler,,2018
Solomon Hill,,2018
Nikola Vucevic,,2018
Dion Waiters,,2018
Joe Ingles,,2018
Jeremy Lin,,2018
Nikola Mirotic,,2018
Jordan Clarkson,,2018
Tyreke Evans,,2018
Miles Plumlee,,2018
Courtney Lee,,2018
JJ Redick,,2018
Avery Bradley,,2018
Kentavious Caldwell-Pope,,2018
Kemba Walker,,2018
Will Barton,,2018
TJ Warren,,2018
Zach Randolph,,2018
Patrick Mills,,2018
Alec Burks,,2018
Omer Asik,,2018
Marcus Smart,,2018
Jusuf Nurkic,,2018
Iman Shumpert,,2018
Moe Harkless,,2018
Tony Snell,,2018
Dante Exum,,2018
Meyers Leonard,,2018
John Henson,,2018
Terrence Ross,,2018
Mirza Teletovic,,2018
Bojan Bogdanovic,,2018
Robert Covington,,2018
Rudy Gay,,2018
Jon Leuer,,2018
Danny Green,,2018
Andre Roberson,,2018
Darren Collison,,2018
Dwight Powell,,2018
Matthew Dellavedova,,2018
Jared Dudley,,2018
Boban Marjanovic,,2018
Norman Powell,,2018
Josh Richardson,,2018
Markieff Morris,,2018
Bogdan Bogdanovic,,2018
Rajon Rondo,,2018
E'Twaun Moore,,2018
Kosta Koufos,,2018
Fred VanVleet,,2018
Wayne Ellington,,2018
Julius Randle,,2018
Kyle Anderson,,2018
Jerryd Bayless,,2018
Cristiano Felicio,,2018
Markelle Fultz,,2018
Jerami Grant,,2018
CJ Miles,,2018
Joe Harris,,2018
Shaun Livingston,,2018
Deandre Ayton,,2018
JaMychal Green,,2018
Garrett Temple,,2018
Louis Williams,,2018
PJ Tucker,,2018
Cory Joseph,,2018
Karl-Anthony Towns,,2018
Kyle Korver,,2018
Darrell Arthur,,2018
Lonzo Ball,,2018
Doug McDermott,,2018
Marvin Bagley,,2018
Jae Crowder,,2018
DJ Augustin,,2018
Lance Thomas,,2018
D'Angelo Russell,,2018
Davis Bertans,,2018
Ersan Ilyasova,,2018
Langston Galloway,,2018
Jeremy Lamb,,2018
Al-Farouq Aminu,,2018
Jayson Tatum,,2018
Luka Doncic,,2018
Nemanja Bjelica,,2018
Mario Hezonja,,2018
Ben Simmons,,2018
Milos Teodosic,,2018
Dewayne Dedmon,,2018
Marco Belinelli,,2018
Wesley Johnson,,2018
Josh Jackson,,2018
Jonathon Simmons,,2018
Montrezl Harrell,,2018
Ishmael Smith,,2018
Jaren Jackson Jr,,2018
Brandon Ingram,,2018
Anthony Tolliver,,2018
Kristaps Porzingis,,2018
Deron Williams,,2018
De'Aaron Fox,,2018
Ben McLemore,,2018
Patrick Patterson,,2018
Jason Smith,,2018
Marcus Morris,,2018
Trae Young,,2018
DeMarcus Cousins,,2018
Josh Smith,,2018
Alexis Ajinca,,2018
Thabo Sefolosha,,2018
Aron Baynes,,2018
Jaylen Brown,,2018
Patrick Beverley,,2018
Mike Muscala,,2018
Dirk Nowitzki,,2018
Tony Parker,,2018
Jonathan Isaac,,2018
Mo Bamba,,2018
Jamal Crawford,,2018
Ron Baker,,2018
Willie Cauley-Stein,,2018
Dragan Bender,,2018
Lauri Markkanen,,2018
Justin Holiday,,2018
Lance Stephenson,,2018
Kyle O'Quinn,,2018
Ed Davis,,2018
Wendell Carter,,2018
Alex Len,,2018
Mike Scott,,2018
Luc Mbah a Moute,,2018
Emmanuel Mudiay,,2018
Kris Dunn,,2018
Frank Ntilikina,,2018
Glenn Robinson III,,2018
Collin Sexton,,2018
Al Jefferson,,2018
Stanley Johnson,,2018
Buddy Hield,,2018
Dennis Smith,,2018
Jodie Meeks,,2018
Kevin Knox,,2018
Jose Juan Barea,,2018
Alex Abrines,,2018
NenÃª,,2018
Zach Collins,,2018
Frank Kaminsky,,2018
Mikal Bridges,,2018
Michael Beasley,,2018
Jamal Murray,,2018
Rodney Hood,,2018
Justise Winslow,,2018
Malik Monk,,2018
Cameron Payne,,2018
Allonzo Trier,,2018
Brook Lopez,,2018
Shai Gilgeous-Alexander,,2018
Trey Lyles,,2018
Ekpe Udoh,,2018
Devin Booker,,2018
Myles Turner,,2018
Luke Kennard,,2018
Troy Daniels,,2018
Kelly Oubre,,2018
Miles Bridges,,2018
Marquese Chriss,,2018
Tomas Satoransky,,2018
Bryn Forbes,,2018
Donovan Mitchell,,2018
Terry Rozier,,2018
Jerome Robinson,,2018
Yogi Ferrell,,2018
Elfrid Payton,,2018
Bam Adebayo,,2018
Jakob Poeltl,,2018
Michael Porter,,2018
Andrew Nicholson,,2018
Justin Jackson,,2018
Thon Maker,,2018
Seth Curry,,2018
Cedi Osman,,2018
Sam Dekker,,2018
Troy Brown,,2018
Justin Patton,,2018
Guerschon Yabusele,,2018
Domantas Sabonis,,2018
Jerian Grant,,2018
Zhaire Smith,,2018
Corey Brewer,,2018
Delon Wright,,2018
DJ Wilson,,2018
Dario Saric,,2018
Taurean Prince,,2018
Justin Anderson,,2018
Shelvin Mack,,2018
Manu Ginobili,,2018
Reggie Bullock,,2018
Bobby Portis,,2018
Dante Cunningham,,2018
Donte DiVincenzo,,2018
Rondae Hollis-Jefferson,,2018
Tyus Jones,,2018
Jarell Martin,,2018
Greg Monroe,,2018
TJ Leaf,,2018
Georgios Papagiannis,,2018
Jeff Green,,2018
Amir Johnson,,2018
Raymond Felton,,2018
Dwyane Wade,,2018
Udonis Haslem,,2018
JaVale McGee,,2018
Zaza Pachulia,,2018
Jose Calderon,,2018
Devin Harris,,2018
Channing Frye,,2018
Carmelo Anthony,,2018
Vince Carter,,2018
Lonnie Walker,,2018
John Collins,,2018
Denzel Valentine,,2018
Larry Nance Jr,,2018
Kevin Huerter,,2018
Monta Ellis,,2018
Harry Giles,,2018
Darius Miller,,2018
Henry Ellenson,,2018
Derrick Rose,,2018
Omri Casspi,,2018
Juan Hernangomez,,2018
Quincy Pondexter,,2018
Jonas Jerebko,,2018
Josh Okogie,,2018
Nik Stauskas,,2018
Terrance Ferguson,,2018
Raul Neto,,2018
Salah Mejri,,2018
Grayson Allen,,2018
Jarrett Allen,,2018
Isaiah Thomas,,2018
Spencer Hawes,,2018
Cole Aldrich,,2018
Torrey Craig,,2018
Chandler Hutchison,,2018
OG Anunoby,,2018
Ante Zizic,,2018
Shabazz Napier,,2018
Aaron Holiday,,2018
Timothe Luwawu,,2018
Tyler Lydon,,2018
Anfernee Simons,,2018
Tim Frazier,,2018
Trey Burke,,2018
Malik Beasley,,2018
Moritz Wagner,,2018
Nerlens Noel,,2018
Ian Clark,,2018
Deyonta Davis,,2018
Caleb Swanigan,,2018
Furkan Korkmaz,,2018
Landry Shamet,,2018
Caris LeVert,,2018
Jonah Bolden,,2018
Rodions Kurucs,,2018
Kyle Kuzma,,2018
Tony Bradley,,2018
Derrick White,,2018
Kyle Singler,,2018
Robert Williams,,2018
MarShon Brooks,,2018
Spencer Dinwiddie,,2018
Josh Hart,,2018
Jacob Evans,,2018
Pat Connaughton,,2018
DeAndre Bembry,,2018
Dzanan Musa,,2018
Omari Spellman,,2018
James Ennis,,2018
Noah Vonleh,,2018
Luke Kornet,,2018
Richaun Holmes,,2018
TJ McConnell,,2018
Malachi Richardson,,2018
Jahlil Okafor,,2018
Kevon Looney,,2018
Pascal Siakam,,2018
Dejounte Murray,,2018
Jake Layman,,2018
Skal Labissiere,,2018
Cheick Diallo,,2018
Malcolm Brogdon,,2018
Rodney McGruder,,2018
Ivica Zubac,,2018
Wade Baldwin,,2018
Quinn Cook,,2018
Damian Jones,,2018
Dorian Finney-Smith,,2018
Wayne Selden,,2018
Georges Niang,,2018
Christian Wood,,2018
Derrick Jones,,2018
Gerald Green,,2018
David Nwaba,,2018
Treveon Graham,,2018
Willy Hernangomez,,2018
Sviatoslav Mykhailiuk,,2018
Mitchell Robinson,,2018
Michael Carter-Williams,,2018
Jawun Evans,,2018
Thomas Bryant,,2018
Royce O'Neale,,2018
Frank Mason,,2018
Khem Birch,,2018
Wesley Iwundu,,2018
Abdel Nader,,2018
Damyean Dotson,,2018
Frank Jackson,,2018
Sterling Brown,,2018
Tyler Dorsey,,2018
Ivan Rabb,,2018
Dillon Brooks,,2018
Rade Zagorac,,2018
Sindarius Thornwell,,2018
Zhou Qi,,2018
Jordan Bell,,2018
Maxi Kleber,,2018
Dwayne Bacon,,2018
Daniel Theis,,2018
Semi Ojeleye,,2018
Tyrone Wallace,,2018
Ike Anigbogu,,2018
Alfonzo McKinnie,,2018
Monte Morris,,2018
Ryan Arcidiacono,,2018
Antonio Blakeney,,2018
Jabari Bird,,2018
Daniel Hamilton,,2018
Shaquille Harrison,,2018
Elie Okobo,,2018
Jalen Brunson,,2018
Melvin Frazier,,2018
Raymond Spalding,,2018
Justin Hamilton,,2018
Isaac Bonga,,2018
Devonte Graham,,2018
Chasson Randle,,2018
Patrick McCaw,,2018
De'Anthony Melton,,2018
Jason Thompson,,2018
Chimezie Metu,,2018
Gary Trent Jr,,2018
Isaiah Briscoe,,2018
Hamidou Diallo,,2018
Kenrich Williams,,2018
Keita Bates-Diop,,2018
Jevon Carter,,2018
Alize Johnson,,2018
Isaiah Hartenstein,,2018
Khyri Thomas,,2018
Bruce Brown,,2018
Jarred Vanderbilt,,2018
Ryan Broekhoff,,2018
Brad Wanamaker,,2018
Lorenzo Brown,,2018
Davon Reed,,2018
Isaiah Canaan,,2018
Isaiah Whitehead,,2018
Bruno Caboclo,,2018
Gary Clark,,2018
James Nunnally,,2018
Kalin Lucas,,2018
John Jenkins,,2018
Deonte Burton,,2018
Andrew Bogut,,2018
Dakari Johnson,,2018
Malcolm Miller,,2018
Chris Boucher,,2018
Edmond Sumner,,2018
Yante Maten,,2018
Andrew Harrison,,2018
Eric Moreland,,2018
Nick Young,,2018
Okaro White,,2018
Danuel House,,2018
Jaylen Adams,,2018
Ben Moore,,2018
Quincy Acy,,2018
Tyler Zeller,,2018
Jimmer Fredette,,2018
Terrence Jones,,2018
Dairis Bertans,,2018
Walter Lemon Jr,,2018
Demetrius Jackson,,2018
BJ Johnson,,2018
Chris Chiozza,,2018
Johnathan Williams,,2018
Cam Reynolds,,2018
Donatas Motiejunas,,2018
Emanuel Terry,,2018
Justin Bibbs,,2018
Gary Payton II,,2018
JaKarr Sampson,,2018
Jordan McRae,,2018
Devin Robinson,,2018
Tyler Cavanaugh,,2018
Naz Long,,2018
Jordan Loyd,,2018
Drew Eubanks,,2018
Troy Williams,,2018
George King,,2018
Haywood Highsmith,,2018
Shake Milton,,2018
Amile Jefferson,,2018
Troy Caupain,,2018
Donte Grantham,,2018
Tyler Davis,,2018
Kadeem Allen,,2018
Isaiah Hicks,,2018
Trevon Bluiett,,2018
Jared Terrell,,2018
CJ Williams,,2018
Bonzie Colson,,2018
Jaylen Morris,,2018
Duncan Robinson,,2018
Julian Washburn,,2018
Jarnell Stokes,,2018
DJ Stephens,,2018
Yuta Watanabe,,2018
Alex Caruso,,2018
Johnathan Motley,,2018
Angel Delgado,,2018
Trevon Duval,,2018
Vincent Edwards,,2018
Marcus Derrickson,,2018
Damion Lee,,2018
Zach Lofton,,2018
Keenan Evans,,2018
Archie Goodwin,,2018
DeVaughn Akoon-Purcell,,2018
Thomas Welsh,,2018
Daryl Macon,,2018
Kostas Antetokounmpo,,2018
Billy Preston,,2018
John Holland,,2018
Deng Adel,,2018
Jalen Jones,,2018
Jaron Blossomgame,,2018
Brandon Sampson,,2018
Tyler Ulis,,2018
Rawle Alkins,,2018
JP Macura,,2018
Joe Chealey,,2018
Alan Williams,,2018
Theo Pinson,,2018
RJ Hunter,,2018
PJ Dozier,,2018
Alex Poythress,,2018
Scotty Hopson,,2018
Charles Cooke,,2018
Scott Machado,,2018
Andre Ingram,,2018
Kobi Simmons,,2018
Jonathan Gibson,,2018
Wenyen Gabriel,,2018
Billy Garrett,,2018
Mitch Creek,,2018
Brandon Goodwin,,2018
Jemerrio Jones,,2018
Tarik Phillip,,2018
Cody Demps,,2018
Richard Solomon,,2018
Kendrick Nunn,,2018
Dusty Hannahs,,2018
Stephan Hicks,,2018
Michael Frazier,,2018
Tahjere McCall,,2018
Mitchell Creek,,2018
Isaac Humphries,,2018
Jordan Sibert,,2018
